449-T,12312,3123,123123,Computer Parts,2023-08-06 00:08:02
881-V,12312,3123,123123,Computer Parts,2023-08-06 00:07:57
871-C,12312,3123,123123,Computer Parts,2023-08-06 00:07:56
962-D,12312,3123,123123,Computer Parts,2023-08-06 00:07:54
437-P,12312,3123,123123,Computer Parts,2023-08-06 00:07:52
967-F,12312,3123,123123,Computer Parts,2023-08-06 00:07:50
255-I,12312,3123,123123,Computer Parts,2023-08-06 00:07:48
166-S,12312,3123,123123,Computer Parts,2023-08-06 00:07:46
657-V,12312,3123,123123,Computer Parts,2023-08-06 00:07:44
756-Y,12312,3123,123123,Computer Parts,2023-08-06 00:00:38
123123123,1231,31231,23123,Networking Tools,2023-08-05 01:38:44
    ,    ,      ,     ,Computer Parts,2023-08-05 01:34:54
284-G,12,1212,121212,Computer Parts,2023-08-05 00:33:03
567-Q,12,1212,121212,Computer Parts,2023-08-05 00:33:01
934-K,12,1212,121212,Computer Parts,2023-08-05 00:32:59
552-N,12,1212,121212,Computer Parts,2023-08-05 00:32:52
HBSVZO,12312,3123,123123,Computer Parts,2023-08-05 00:22:44
